type,name,module,path,hash
"csv","agent-manifest","_config","_config/agent-manifest.csv","f4e5c21005d6b394ea01ad051394699e0e09a0ccd727fa7c61e2200b162769e9"
"csv","task-manifest","_config","_config/task-manifest.csv","4d40aa929231dc109a3e2183cf0238e77340e7f2d884045bde4e334d04571bd6"
"csv","workflow-manifest","_config","_config/workflow-manifest.csv","8637cfb2530747f0b55ae0f88fc8f00f61ba57d9d93e95d973bd280ba5fb25b0"
"yaml","manifest","_config","_config/manifest.yaml","d760c98c17bf59cdf21e8354115f85757b3ffd19cfcebbf76a69b24e6db1cff8"
"md","documentation-standards","_memory","_memory/tech-writer-sidecar/documentation-standards.md","6e7ac71138275d95c3c9160f3dffe1d6c4cc77bb97231b60b5463a6cdf42adba"
"yaml","config","_memory","_memory/config.yaml","e2c662d996dbe6a8a17353eda8e5b9fa8aa9bf5c453c858557754d01c9750d3e"
"csv","brain-methods","core","core/skills/bmad-brainstorming/brain-methods.csv","0ab5878b1dbc9e3fa98cb72abfc3920a586b9e2b42609211bb0516eefd542039"
"csv","domain-complexity","core","core/tasks/bmad-create-prd/data/domain-complexity.csv","f775f09fb4dc1b9214ca22db4a3994ce53343d976d7f6e5384949835db6d2770"
"csv","methods","core","core/skills/bmad-advanced-elicitation/methods.csv","e08b2e22fec700274982e37be608d6c3d1d4d0c04fa0bae05aa9dba2454e6141"
"csv","module-help","core","core/module-help.csv","b5776ec141542f471fbfec3b42a8629e2692383ca221611ff5126a737befed0b"
"csv","project-types","core","core/tasks/bmad-create-prd/data/project-types.csv","7a01d336e940fb7a59ff450064fd1194cdedda316370d939264a0a0adcc0aca3"
"md","compression-rules","core","core/skills/bmad-distillator/resources/compression-rules.md","86e53d6a2072b379864766681d1cc4e1aad3d4428ecca8c46010f7364da32724"
"md","distillate-compressor","core","core/skills/bmad-distillator/agents/distillate-compressor.md","c00da33b39a43207a224c4043d1aa4158e90e41ab421fff0ea7cc55beec81ef8"
"md","distillate-format-reference","core","core/skills/bmad-distillator/resources/distillate-format-reference.md","0ed0e016178f606ff7b70dd852695e94bce8da6d83954257e0b85779530bcaeb"
"md","prd-purpose","core","core/tasks/bmad-create-prd/data/prd-purpose.md","49c4641b91504bb14e3887029b70beacaff83a2de200ced4f8cb11c1356ecaee"
"md","prd-template","core","core/tasks/bmad-create-prd/templates/prd-template.md","7ccccab9c06a626b7a228783b0b9b6e4172e9ec0b10d47bbfab56958c898f837"
"md","round-trip-reconstructor","core","core/skills/bmad-distillator/agents/round-trip-reconstructor.md","47c83f4a37249ddac38460d8c95d162f6fc175a8919888e8090aed71bd9383bc"
"md","SKILL","core","core/skills/bmad-advanced-elicitation/SKILL.md","9e1096c3b6087b1a479e6472b4f369f81ef3ac86510f047497a77946225ac36a"
"md","SKILL","core","core/skills/bmad-brainstorming/SKILL.md","f4a2c22b40ed34cdbd3282dd6161a3b869902f3bc75b58e181fc9faf78eedd9d"
"md","SKILL","core","core/skills/bmad-distillator/SKILL.md","9b404438deb17c56ddc08f7b823177687fb4a62f08f40dac8faa5a93f78e374d"
"md","SKILL","core","core/skills/bmad-editorial-review-prose/SKILL.md","2a8df805c9525b3fa6db2cd96dec31deba6327b5da26b98b7d927744c87dd898"
"md","SKILL","core","core/skills/bmad-editorial-review-structure/SKILL.md","619082536c4c770f1164bda994ced197bca8d9e5c140fc4af5f96cb572ac0f60"
"md","SKILL","core","core/skills/bmad-help/SKILL.md","57d85d026055fa420ba4e6c7dd9cff566175d0be67f5d627d33efb67adee245f"
"md","SKILL","core","core/skills/bmad-index-docs/SKILL.md","278818a63cd7dde0cee7c280b93f96c67566c0ab2460e721fd31fd1c95cdcb6e"
"md","SKILL","core","core/skills/bmad-party-mode/SKILL.md","558831b737cf3a6a5349b9f1338f2945da82ce2564893e642a2b49b7e62e8b3f"
"md","SKILL","core","core/skills/bmad-review-adversarial-general/SKILL.md","8b48a202f13990630c2cbc4f71da839978bc96d2a5577fe460c443781039e194"
"md","SKILL","core","core/skills/bmad-review-edge-case-hunter/SKILL.md","9f0cfeb7ee3d5deef43353b5301001087045ee59b048be56150e3880a7db8531"
"md","SKILL","core","core/skills/bmad-shard-doc/SKILL.md","3f9137b3eaae5b039ecdd7d9342a4048efd3b3eb62fb3d389893d8e61df8688b"
"md","SKILL","core","core/tasks/bmad-create-prd/SKILL.md","24de81d7553bb136d1dfb595a3f2fbd45930ece202ea2ac258eb349b4af17b5f"
"md","splitting-strategy","core","core/skills/bmad-distillator/resources/splitting-strategy.md","26d3ed05f912cf99ff9ebe2353f2d84d70e3e852e23a32b1215c13416ad708b5"
"md","step-01-agent-loading","core","core/skills/bmad-party-mode/steps/step-01-agent-loading.md","04ab6b6247564f7edcd5c503f5ca7d27ae688b09bbe2e24345550963a016e9f9"
"md","step-01-init","core","core/tasks/bmad-create-prd/steps-c/step-01-init.md","922f59e960569f68bbf0d2c17ecdca74e9d9b92c6a802a5ea888e10774be7738"
"md","step-01-session-setup","core","core/skills/bmad-brainstorming/steps/step-01-session-setup.md","7fd2aed9527ccdf35fc86bd4c9b27b4a530b5cfdfb90ae2b7385d3185bcd60bc"
"md","step-01b-continue","core","core/skills/bmad-brainstorming/steps/step-01b-continue.md","49f8d78290291f974432bc8e8fce340de58ed62aa946e9e3182858bf63829920"
"md","step-01b-continue","core","core/tasks/bmad-create-prd/steps-c/step-01b-continue.md","bdc3677aa220c4822b273d9bc8579669e003cc96d49475ddb3116bdef759cf04"
"md","step-02-discovery","core","core/tasks/bmad-create-prd/steps-c/step-02-discovery.md","4ef0a3e62c05bfe90fbeca03d58ada11017098523a563003d574462d65f51e78"
"md","step-02-discussion-orchestration","core","core/skills/bmad-party-mode/steps/step-02-discussion-orchestration.md","a8a79890bd03237e20f1293045ecf06f9a62bc590f5c2d4f88e250cee40abb0b"
"md","step-02a-user-selected","core","core/skills/bmad-brainstorming/steps/step-02a-user-selected.md","7ff3bca27286d17902ecea890494599796633e24a25ea6b31bbd6c3d2e54eba2"
"md","step-02b-ai-recommended","core","core/skills/bmad-brainstorming/steps/step-02b-ai-recommended.md","cb77b810e0c98e080b4378999f0e250bacba4fb74c1bcb0a144cffe9989d2cbd"
"md","step-02b-vision","core","core/tasks/bmad-create-prd/steps-c/step-02b-vision.md","641fcd72722c34850bf2daf38a4dfc544778999383aa9b33b4e7569de5860721"
"md","step-02c-executive-summary","core","core/tasks/bmad-create-prd/steps-c/step-02c-executive-summary.md","7abf23a4ae7a7e1653cb86d90fdb1698cbe876628de3273b5638cfb05e34b615"
"md","step-02c-random-selection","core","core/skills/bmad-brainstorming/steps/step-02c-random-selection.md","91c6e16213911a231a41b1a55be7c939e7bbcd1463bd49cb03b5b669a90c0868"
"md","step-02d-progressive-flow","core","core/skills/bmad-brainstorming/steps/step-02d-progressive-flow.md","6b6fbbd34bcf334d79f09e8c36ed3c9d55ddd3ebb8f8f77aa892643d1a4e3436"
"md","step-03-graceful-exit","core","core/skills/bmad-party-mode/steps/step-03-graceful-exit.md","85e87df198fbb7ce1cf5e65937c4ad6f9ab51a2d80701979570f00519a2d9478"
"md","step-03-success","core","core/tasks/bmad-create-prd/steps-c/step-03-success.md","3959db0848f9a4c99f80ac8d59855f9bb77f833475d3d5512e623d62b52b86dc"
"md","step-03-technique-execution","core","core/skills/bmad-brainstorming/steps/step-03-technique-execution.md","b97afefd4ccc5234e554a3dfc5555337269ce171e730b250c756718235e9df60"
"md","step-04-idea-organization","core","core/skills/bmad-brainstorming/steps/step-04-idea-organization.md","acb7eb6a54161213bb916cabf7d0d5084316704e792a880968fc340855cdcbbb"
"md","step-04-journeys","core","core/tasks/bmad-create-prd/steps-c/step-04-journeys.md","a9f2b74f06230916f66a1cf42437e4173061a157642c5eaf0d985d4078872526"
"md","step-05-domain","core","core/tasks/bmad-create-prd/steps-c/step-05-domain.md","983617d33fe6b7e911f34cf6a2adb86be595952ab9a7c7308e7f6b3858b39a12"
"md","step-06-innovation","core","core/tasks/bmad-create-prd/steps-c/step-06-innovation.md","a0b3863e11f1dc91c73871967c26c3a2746a11c29a1cd23ee000df5b6b22f1b3"
"md","step-07-project-type","core","core/tasks/bmad-create-prd/steps-c/step-07-project-type.md","ba60660354a1aa7dff8a03bfff79ace4589af13e3a2945ae78157a33abd12f17"
"md","step-08-scoping","core","core/tasks/bmad-create-prd/steps-c/step-08-scoping.md","b1273a563a4cb440901bcda12ffdb27a37694c4cc4431196396d07a3737ae0aa"
"md","step-09-functional","core","core/tasks/bmad-create-prd/steps-c/step-09-functional.md","4880a2f02fdc43964bd753c733c7800b9ccf6b1ccf194b2a8c3f09f1ad85843c"
"md","step-10-nonfunctional","core","core/tasks/bmad-create-prd/steps-c/step-10-nonfunctional.md","afde3cd586227cec7863267518667605e9487025a9c0f3b7f220c66adbbc347c"
"md","step-11-polish","core","core/tasks/bmad-create-prd/steps-c/step-11-polish.md","7648f29eda46aa75dd3a23045d9e8513995a7c56e18ac28f4912b5d05340b9cc"
"md","step-12-complete","core","core/tasks/bmad-create-prd/steps-c/step-12-complete.md","cce81ef9c88e910ea729710ab7104ee23c323479f90375208d3910abe0a5adcf"
"md","template","core","core/skills/bmad-brainstorming/template.md","5c99d76963eb5fc21db96c5a68f39711dca7c6ed30e4f7d22aedee9e8bb964f9"
"md","workflow","core","core/skills/bmad-advanced-elicitation/workflow.md","86acfb60c9fbd22a807659aefcbce98442d6244a45911d11c5b83bce5155d971"
"md","workflow","core","core/skills/bmad-brainstorming/workflow.md","74c87846a5cda7a4534ea592ea3125a8d8a1a88d19c94f5f4481fb28d0d16bf2"
"md","workflow","core","core/skills/bmad-editorial-review-prose/workflow.md","998ad2589728fac834820639886744bb3d1606674a1b2a1ab0da47fae8eb3e50"
"md","workflow","core","core/skills/bmad-editorial-review-structure/workflow.md","ea2ab3dc9e586b1cc962371eac3e894719752536d3d8b6d68892d5aa68a46505"
"md","workflow","core","core/skills/bmad-help/workflow.md","e610f8be8f1a5742cea912378ffbe2f580b20ee5c6c6f13bdbbab61dd98ef567"
"md","workflow","core","core/skills/bmad-index-docs/workflow.md","295495eb83ee0f167629b1eafb906e02eb7e151b2378f4858a1fd23c130c3bce"
"md","workflow","core","core/skills/bmad-party-mode/workflow.md","e4f7328ccac68ecb7fb346c6b8f4e2e52171b63cff9070c0b382124872e673cb"
"md","workflow","core","core/skills/bmad-review-adversarial-general/workflow.md","dd6f172ecec5f5a3aa94904b96f53dbc0d8560e93aaf16f23b801c5649b2d798"
"md","workflow","core","core/skills/bmad-review-edge-case-hunter/workflow.md","77b50cf0a221eb6ff90a824593feac4f04fc7f694d4791e0fa9599e5919b54aa"
"md","workflow","core","core/skills/bmad-shard-doc/workflow.md","0188bc74dc52d7cdc45106fcb087eabbbc645b49f2ededb797d57bdde4e9b02d"
"md","workflow","core","core/tasks/bmad-create-prd/workflow.md","e40e1e72e3130d0189f77ae79f1ab242d504d963bf53c2a52e1fce8c0bc7e06e"
"py","analyze_sources","core","core/skills/bmad-distillator/scripts/analyze_sources.py","31e2a8441c3c43c2536739c580cdef6abecb18ff20e7447f42dd868875783166"
"py","test_analyze_sources","core","core/skills/bmad-distillator/scripts/tests/test_analyze_sources.py","d90525311f8010aaf8d7d9212a370468a697866190bae78c35d0aae9b7f23fdf"
"yaml","bmad-skill-manifest","core","core/skills/bmad-advanced-elicitation/bmad-skill-manifest.yaml","ea1b058a23cd4fb442f2e7bc7a3a871b73391c0d18c32ddad020dd56b20425ee"
"yaml","bmad-skill-manifest","core","core/skills/bmad-brainstorming/bmad-skill-manifest.yaml","ea1b058a23cd4fb442f2e7bc7a3a871b73391c0d18c32ddad020dd56b20425ee"
"yaml","bmad-skill-manifest","core","core/skills/bmad-distillator/bmad-skill-manifest.yaml","9cfedfd2e5a5bbede8436e5357bb9d49746430f6b9f912414abb643ed4cac49b"
"yaml","bmad-skill-manifest","core","core/skills/bmad-editorial-review-prose/bmad-skill-manifest.yaml","ea1b058a23cd4fb442f2e7bc7a3a871b73391c0d18c32ddad020dd56b20425ee"
"yaml","bmad-skill-manifest","core","core/skills/bmad-editorial-review-structure/bmad-skill-manifest.yaml","ea1b058a23cd4fb442f2e7bc7a3a871b73391c0d18c32ddad020dd56b20425ee"
"yaml","bmad-skill-manifest","core","core/skills/bmad-help/bmad-skill-manifest.yaml","ea1b058a23cd4fb442f2e7bc7a3a871b73391c0d18c32ddad020dd56b20425ee"
"yaml","bmad-skill-manifest","core","core/skills/bmad-index-docs/bmad-skill-manifest.yaml","ea1b058a23cd4fb442f2e7bc7a3a871b73391c0d18c32ddad020dd56b20425ee"
"yaml","bmad-skill-manifest","core","core/skills/bmad-party-mode/bmad-skill-manifest.yaml","ea1b058a23cd4fb442f2e7bc7a3a871b73391c0d18c32ddad020dd56b20425ee"
"yaml","bmad-skill-manifest","core","core/skills/bmad-review-adversarial-general/bmad-skill-manifest.yaml","ea1b058a23cd4fb442f2e7bc7a3a871b73391c0d18c32ddad020dd56b20425ee"
"yaml","bmad-skill-manifest","core","core/skills/bmad-review-edge-case-hunter/bmad-skill-manifest.yaml","ea1b058a23cd4fb442f2e7bc7a3a871b73391c0d18c32ddad020dd56b20425ee"
"yaml","bmad-skill-manifest","core","core/skills/bmad-shard-doc/bmad-skill-manifest.yaml","ea1b058a23cd4fb442f2e7bc7a3a871b73391c0d18c32ddad020dd56b20425ee"
"yaml","bmad-skill-manifest","core","core/tasks/bmad-create-prd/bmad-skill-manifest.yaml","ea1b058a23cd4fb442f2e7bc7a3a871b73391c0d18c32ddad020dd56b20425ee"
"yaml","config","core","core/config.yaml","5c38b2ab57b9e9eaffbbc6c9098df6b016626098de7c900bb84a987ae31fb4a7"
"csv","default-party","gds","gds/teams/default-party.csv","50a3b1a2a0f77bbba1cd1f7c88e5b1d6ac5a6dfadb188e2373a24a0c77ad115a"
"csv","documentation-requirements","gds","gds/workflows/document-project/documentation-requirements.csv","efc91d54787939a2dd2c22400e6b9b6f58835a741ea557e8971b5b333ce666e8"
"csv","domain-complexity","gds","gds/workflows/2-design/create-prd/data/domain-complexity.csv","4b0d69891b11300bd9228ccfa84a508e76cb702e7abddfc394c5e98d7d3680e1"
"csv","game-brain-methods","gds","gds/workflows/1-preproduction/brainstorm-game/game-brain-methods.csv","f6fb96d2134a941ad0dd6cbdcb7bdcc01b7c04b1009e196cf859fc330f843bdb"
"csv","game-types","gds","gds/workflows/2-design/gdd/game-types.csv","4f4a61090a084188178340aa08edaa8f3a08029bac7f01f23f228723b9524a59"
"csv","module-help","gds","gds/module-help.csv","14478048897b6ef7f02cc0516e05ef633d421637a9780c7c61b84482c8946f7d"
"csv","pattern-categories","gds","gds/workflows/3-technical/game-architecture/pattern-categories.csv","490bb6b7d5abfd5c1b20dca04399870c030b5d5d2db7148621d43f08044616e8"
"csv","project-types","gds","gds/workflows/2-design/create-prd/data/project-types.csv","2ea18a3e100f51cf26f0311949e7b7f76c6005e85271df0afd8d1b5632faaf57"
"csv","qa-index","gds","gds/gametest/qa-index.csv","a94275a48134c19edbd8b4c457dfbde049e003cbce0a86a4c79b19ca91809dc2"
"json","project-scan-report-schema","gds","gds/workflows/document-project/templates/project-scan-report-schema.json","4c27adf9407907f31150d03d233f782f165aae9f754ecfa5532d0eed36c8bc94"
"md","action-platformer","gds","gds/workflows/2-design/gdd/game-types/action-platformer.md","f711632d2a1067243347cfa5686488377421b8a0337e32ab06031c7d1051cb76"
"md","adventure","gds","gds/workflows/2-design/gdd/game-types/adventure.md","2a242677235821099af6adcfc4a17dbeabe9ad914fb5c4599eab4f8691c86402"
"md","architecture-template","gds","gds/workflows/3-technical/game-architecture/templates/architecture-template.md","1522ecf71409013bd057b8bc175744c9c0d988ae1c50f197c342ad26e8ece1d2"
"md","backlog-template","gds","gds/workflows/4-production/code-review/backlog-template.md","42c4a61b30a8d1bfc670934db31622097b679ceee80f7744de823a77fa6ccd42"
"md","balance-testing","gds","gds/gametest/knowledge/balance-testing.md","aeea1da343ec80b7fbec0cc6ddc49cc70f9be1d6240644c3f065b42322886f0b"
"md","card-game","gds","gds/workflows/2-design/gdd/game-types/card-game.md","63a72a7cd8e9c15ff0778ca2af49ee146daf7a8d0772f83afc6e8421b088b1fd"
"md","certification-testing","gds","gds/gametest/knowledge/certification-testing.md","70a96efd6ba9f726057a896d0107d0f35f390749da8da373565e5b2f2b2fbfea"
"md","checklist","gds","gds/workflows/1-preproduction/game-brief/checklist.md","ddb4129f1f7474f25e78a4836410d6b3432ee5c6344414647ce3c8c3af1c56f5"
"md","checklist","gds","gds/workflows/2-design/gdd/checklist.md","43da9cadbca5dc6a18f998560ac85cb471ebf265ed1fc292b30b5e5046f424a2"
"md","checklist","gds","gds/workflows/2-design/narrative/checklist.md","e780d2703a61e6f9b6bdf0d624671140a9b93e42cdf9dcd521f41d5a7be9f967"
"md","checklist","gds","gds/workflows/3-technical/game-architecture/checklist.md","0df887272138bfb3d05d963ef24648b5338d22f8cbe8c58b539ee38b977f42aa"
"md","checklist","gds","gds/workflows/4-production/code-review/checklist.md","dce9eaefa805082b447b2db3cef98cba72d71eb9fae62c7ebd5c0760340134cb"
"md","checklist","gds","gds/workflows/4-production/correct-course/checklist.md","e08ac75bdd71d06c3c2e2c3da900e3b23afadfc615a67d9b7a1fa0b785632ceb"
"md","checklist","gds","gds/workflows/4-production/gds-create-story/checklist.md","0291e068003dda0359c41b925beee202ad083e632061e26fa37bdfb9f09cd6c6"
"md","checklist","gds","gds/workflows/4-production/gds-dev-story/checklist.md","277b5b2157d37162ed6eb1b4cdfe08bb4100fe719994a8ac8d019339a458995b"
"md","checklist","gds","gds/workflows/4-production/sprint-planning/checklist.md","cc4f8e9411dbf9e644333790f867d74027aae3721cbc7f11d574536bf903a0aa"
"md","checklist","gds","gds/workflows/document-project/checklist.md","3b6856939315f71dc3ecc5a098c961fdc9f3615d3a032f0bc3dad565ac17bc38"
"md","checklist","gds","gds/workflows/gametest/automate/checklist.md","83290eb804ca6b3d4283c7f69db1d9fb3160b8da708639303177c71af4408f2e"
"md","checklist","gds","gds/workflows/gametest/e2e-scaffold/checklist.md","4bef23b4063d2f6caf26d9d2baba4cc69ea2c54c3f6096c70de80b5b8fd1b130"
"md","checklist","gds","gds/workflows/gametest/performance/checklist.md","985a67a8c278f43096b9f52c59182e8de9ae9a55b04808fb740951809a3f96a5"
"md","checklist","gds","gds/workflows/gametest/playtest-plan/checklist.md","d79ecf7b93060a46d9912a90973eab3d0dfeac68815b5275d2c1a5f7416cf952"
"md","checklist","gds","gds/workflows/gametest/test-design/checklist.md","5542d92ad346ebfb86a2415a2217707ca76b3d39bf234280062a31b6e28bf875"
"md","checklist","gds","gds/workflows/gametest/test-framework/checklist.md","6ecc1995f2e0f94984d65a7b246a30e9bddaed217f0a48127e022254ee3c356e"
"md","checklist","gds","gds/workflows/gametest/test-review/checklist.md","1f4abe8931ba4964d8db592cdad287df858f834c45cadd20bf7e1588ada5d2ee"
"md","compatibility-testing","gds","gds/gametest/knowledge/compatibility-testing.md","1a26a1726abb77f7b482ba35d16f17ab574bfd62b4a025565e8645bae228fe6a"
"md","deep-dive-instructions","gds","gds/workflows/document-project/workflows/deep-dive-instructions.md","6ee83a843f26e4b304fc8831d8a51e67b1f7d5bd9884af7e46ad64c2a4938986"
"md","deep-dive-template","gds","gds/workflows/document-project/templates/deep-dive-template.md","2d098bb425f58d1d49ab5c6b7c1a8c92af9271d281bacafe000fed059a1a206d"
"md","deep-dive-workflow","gds","gds/workflows/document-project/workflows/deep-dive-workflow.md","3421734533296c6d2c232c51433f7906dd2d3120735b784c3165df8e59ee997b"
"md","discover-inputs","gds","gds/workflows/4-production/code-review/discover-inputs.md","19c9b1d6635fc013c8ce62c266cb72314206beb832e397b9b6c17c94df697ac1"
"md","discover-inputs","gds","gds/workflows/4-production/gds-create-story/discover-inputs.md","19c9b1d6635fc013c8ce62c266cb72314206beb832e397b9b6c17c94df697ac1"
"md","e2e-testing","gds","gds/gametest/knowledge/e2e-testing.md","c3b6738f5dfc5e19699eb7a976ab53367762a6504ec1efd7c045926ea69707b7"
"md","epics-template","gds","gds/workflows/3-technical/create-epics-and-stories/templates/epics-template.md","019cede457d98e414a76128b817cbc33f60b5d775ed93837ab9953ce82875ff1"
"md","fighting","gds","gds/workflows/2-design/gdd/game-types/fighting.md","a3da81cf6924927931eb7338753ae8a03028a7e5e26a31428c737a151e02950f"
"md","full-scan-instructions","gds","gds/workflows/document-project/workflows/full-scan-instructions.md","c0e8151b7079442c16c2445bfeb574f214d5cd6c83b7ed679c57ca63599c3b32"
"md","full-scan-workflow","gds","gds/workflows/document-project/workflows/full-scan-workflow.md","f90760bebb46a329d028dfb7f4010c3f344a49dfcba88135f5bada8494457d82"
"md","game-brief-template","gds","gds/workflows/1-preproduction/game-brief/templates/game-brief-template.md","f2c83b06e8e403bb946de0bed6e4245c66e3b0202d9790432f56319cb8b661be"
"md","game-context","gds","gds/workflows/1-preproduction/brainstorm-game/game-context.md","d362430b87dfe8a9b8c3bf9ae6820235b0d46bbed326591cbb58acdb5ff70640"
"md","gdd-template","gds","gds/workflows/2-design/gdd/templates/gdd-template.md","791dfdf0ac71a2e249984c07ca47938dcc2c602c935547124cb1eeccd3d1fbaf"
"md","godot-engine","gds","gds/workflows/3-technical/game-architecture/knowledge/godot-engine.md","f554b80ed5aa61d8ac4fd2fb384aea46e38eef1695744bedddb88e24e445f2e9"
"md","godot-testing","gds","gds/gametest/knowledge/godot-testing.md","ccfdf5f7ecbc33bd3f5549bfcd47c991e6cd0c8d32719ad838e80406eda3b825"
"md","horror","gds","gds/workflows/2-design/gdd/game-types/horror.md","7ae5d591692bf36b014da7ca3b9683d6dfe744e9a85915bc18b8e8639122a2aa"
"md","idle-incremental","gds","gds/workflows/2-design/gdd/game-types/idle-incremental.md","410e8aa9473ef6189bc550de4721336ae3a9a1a82663388a9cea2a42726bd908"
"md","index-template","gds","gds/workflows/document-project/templates/index-template.md","0e077c2d9d9ccb149a64ed82e67914d90571e23696687cf7a08ac5f2a8b18306"
"md","input-testing","gds","gds/gametest/knowledge/input-testing.md","832d5183c9629e2423cc7221781afc87459cb9f735b2fc60257165d33736ecc6"
"md","instructions","gds","gds/workflows/document-project/instructions.md","a28476fb66c03dc0514b3fa1cb07c514415226e7de76a331b0b7c199e949834b"
"md","localization-testing","gds","gds/gametest/knowledge/localization-testing.md","3ac685205ac1d8dea63574a98501f5636614fbf2933d555d718acb0dbf3d3f4b"
"md","metroidvania","gds","gds/workflows/2-design/gdd/game-types/metroidvania.md","2faa33591d6bac3c0e8c4cafe823d94b9f5f9236a1c22d38683fdb784c156b85"
"md","moba","gds","gds/workflows/2-design/gdd/game-types/moba.md","9871adb9aacf4e503f4f339e5028a30ca16916e53770038c5568eb13f961acbb"
"md","multiplayer-testing","gds","gds/gametest/knowledge/multiplayer-testing.md","fa00a075cdbcbf21ae921148c33647280ad12b4c88f2eba3854d24c7b060824b"
"md","narrative-template","gds","gds/workflows/2-design/narrative/templates/narrative-template.md","e12110346082ed4cbd444fce0ba0e1cc5c074dfd72ce503f00ce4df24bbf3ef3"
"md","party-game","gds","gds/workflows/2-design/gdd/game-types/party-game.md","7de09c182571046e25d2f4c4bdaa8a1dd2a96c8a50606bcf253ed8ba370ddae1"
"md","performance-template","gds","gds/workflows/gametest/performance/performance-template.md","71097a22589f0c21af4c32df7b63699b7b54174f1fae96dc482c5f3d27daa6e4"
"md","performance-testing","gds","gds/gametest/knowledge/performance-testing.md","572f7ca584e08bb876be2fc64ba6895decc96780cbe9b4c8e8de7730d07ad929"
"md","phaser-engine","gds","gds/workflows/3-technical/game-architecture/knowledge/phaser-engine.md","9e399909bb7a7b1c8264f90230fa0f395794d4ee0987efe553c77b0da7be45ba"
"md","playtest-template","gds","gds/workflows/gametest/playtest-plan/playtest-template.md","3c6120ba19f21440cec2817a4a8722509b65ac73b98f6768d3fb33a14c005cbb"
"md","playtesting","gds","gds/gametest/knowledge/playtesting.md","38dd38b24e7996323a3c78f74f9786340f22ee11ff857d42e45cdd7080cecca5"
"md","prd-purpose","gds","gds/workflows/2-design/create-prd/data/prd-purpose.md","8c49b3da98b13048ef3c9a2a51fa97747976fe7f4858bf03c63a79c1c7310110"
"md","prd-template","gds","gds/workflows/2-design/create-prd/templates/prd-template.md","d474ed4ecb6d4a627c9da54ed8d79f156671d7557a7e6a64c9f24c29b8216a71"
"md","project-context-template","gds","gds/workflows/3-technical/generate-project-context/project-context-template.md","3cc240744e23cdb1048b76ecc2c0cfccb5ba1140ec9dfb47a19587a59f321c87"
"md","project-overview-template","gds","gds/workflows/document-project/templates/project-overview-template.md","fd1ae5724b19829feb79245b5249c3ebf3cee30d07776939d87c7563e5bf76fd"
"md","puzzle","gds","gds/workflows/2-design/gdd/game-types/puzzle.md","0e127487feb570735f166a7e51ecbdd69d7cb7de73439c62ef5e87b6e5b6b8f9"
"md","qa-automation","gds","gds/gametest/knowledge/qa-automation.md","fae6a6e9977cf52b10fffc85c5be41fe5c11c5aec9b885f44d42e37513b9f370"
"md","racing","gds","gds/workflows/2-design/gdd/game-types/racing.md","e2c21ad6ae9bfdf1a309dc5a3ba3390dfb7de9a98bdfb4d7723e2c04750c9878"
"md","readiness-report-template","gds","gds/workflows/3-technical/check-implementation-readiness/templates/readiness-report-template.md","79e63524734308aca3ff4c40fdfaf87521bcea2e94ad0583b47d15915d800733"
"md","regression-testing","gds","gds/gametest/knowledge/regression-testing.md","b35564996e952fe1e32c1d59d69e8ceb76dbe3cf96a852ff119082d281d00e77"
"md","research.template","gds","gds/workflows/1-preproduction/research/gds-domain-research/research.template.md","94f97bc59c113d947c6f2e1166095e1eebd8aadffb03d4bd188aeec9e51366d6"
"md","research.template","gds","gds/workflows/1-preproduction/research/research.template.md","94f97bc59c113d947c6f2e1166095e1eebd8aadffb03d4bd188aeec9e51366d6"
"md","rhythm","gds","gds/workflows/2-design/gdd/game-types/rhythm.md","099462e504db8de6fe4e6176a2e0667a2beb3700147d733a4e5a44f7aba4d9d1"
"md","roguelike","gds","gds/workflows/2-design/gdd/game-types/roguelike.md","13db5439305b6f8c5a985839552326ca0da359d861251b10f7585b7f123a848c"
"md","rpg","gds","gds/workflows/2-design/gdd/game-types/rpg.md","861d9a803a43e4b95f048a0ff274ef56dbbfb8d83fea696237814731ae13e4f4"
"md","sandbox","gds","gds/workflows/2-design/gdd/game-types/sandbox.md","404b16e49aefdeda1e022a07fb680a1584c0e1a00ddda003e80eab748e01d270"
"md","save-testing","gds","gds/gametest/knowledge/save-testing.md","c354bbbe048c32fbd8bf581de329ff933ec28e044b431888f8ca53d76434eaf1"
"md","shooter","gds","gds/workflows/2-design/gdd/game-types/shooter.md","185d8722cf25471768440921b7b5bdca8bf58464358bd50556811fa0746e3e0c"
"md","simulation","gds","gds/workflows/2-design/gdd/game-types/simulation.md","bbb0c3dd09cb4289c2d297aeb49d1b0261151037dd8728fddee8ab7683bfc995"
"md","SKILL","gds","gds/workflows/1-preproduction/research/gds-domain-research/SKILL.md","220187fc7e850635b8d05f8d23a89222d0dac6cd7a84bed75844c2ab01a447cf"
"md","SKILL","gds","gds/workflows/2-design/gds-create-ux-design/SKILL.md","d46c699b414d29e98135523eb37ec4848a4893248211b6b506e7ab6601b236a5"
"md","SKILL","gds","gds/workflows/4-production/gds-create-story/SKILL.md","21b211933bc077ea57a5a6c7da29b1f0f92181d510ef854792b30be4140370df"
"md","SKILL","gds","gds/workflows/4-production/gds-dev-story/SKILL.md","7d9c92d93e28457777ac0cef20d528aa1585de1a64b343c5cf145d3ae874b254"
"md","SKILL","gds","gds/workflows/gds-quick-flow/gds-quick-dev/SKILL.md","eda11169ce950ecde2d4c1e56df7e4912b0ba705a8b3fb57217a644d00225f1e"
"md","SKILL","gds","gds/workflows/gds-quick-flow/gds-quick-dev-new-preview/SKILL.md","6b80e12abdf0fb715772110fbfb9b487726ea738b4193b3ac583d8edcc99c301"
"md","smoke-testing","gds","gds/gametest/knowledge/smoke-testing.md","1b33fe5eb2305103b96cd4a755640f4fa08f8ffc8c59a0fe04110c1532078866"
"md","source-tree-template","gds","gds/workflows/document-project/templates/source-tree-template.md","f0094b1e0a9770c8c408b86f978b660c253fe99affcf2b67e1cf7aa9b40e74cb"
"md","sports","gds","gds/workflows/2-design/gdd/game-types/sports.md","f2f582cd89412e803f9714e5f44ee9854ed2d1a2debd588900fc1792756057b7"
"md","step-01-clarify-and-route","gds","gds/workflows/gds-quick-flow/gds-quick-dev-new-preview/steps/step-01-clarify-and-route.md","e8167c65c13feaaffdc093fd08ebe87e5552cc93a425737183d0a2eeeb180d0e"
"md","step-01-discover","gds","gds/workflows/3-technical/generate-project-context/steps/step-01-discover.md","54cfaa77d7528d319a089bc1f97f1d8b6d421688e7e888faaf0bac7d387f0c4e"
"md","step-01-document-discovery","gds","gds/workflows/3-technical/check-implementation-readiness/steps/step-01-document-discovery.md","67bb32cc42c91561da6572c237c3a76b14e6eef9b029255a3d102324dfc9debf"
"md","step-01-init","gds","gds/workflows/1-preproduction/brainstorm-game/steps/step-01-init.md","33f070978c8bfc4846939fd485e14e0f8a4cf574660849193778cc131ec77738"
"md","step-01-init","gds","gds/workflows/1-preproduction/game-brief/steps/step-01-init.md","7e9fcfbc5bc35505fd1eddb647fdd01c223be21582678fa9bb71dbe6af074e88"
"md","step-01-init","gds","gds/workflows/1-preproduction/research/gds-domain-research/domain-steps/step-01-init.md","50a57ffaeee886b1d568a4dff195e41dccaff3074d8ae1fa40d3783b76538a3c"
"md","step-01-init","gds","gds/workflows/1-preproduction/research/market-steps/step-01-init.md","0abbdb75d96de862f8cf19acc42cca5e1502d65be043f851bf75d7e760c5ee86"
"md","step-01-init","gds","gds/workflows/1-preproduction/research/technical-steps/step-01-init.md","798be6a9234469a5a204a324ea8475aac4cdcbca0ed0047cf32bb9ce0deed66a"
"md","step-01-init","gds","gds/workflows/2-design/create-prd/steps-c/step-01-init.md","7b2b06135ea2b10fedd5f8772f46a44aa6a899c8aec52d3610b0c8a443acb160"
"md","step-01-init","gds","gds/workflows/2-design/gdd/steps/step-01-init.md","c951011e21cd796dd8a35c0e643f5f1f06dd9c1d4bd834faefb11709f9b1a412"
"md","step-01-init","gds","gds/workflows/2-design/gds-create-ux-design/steps/step-01-init.md","f531a5ca115f36c9521d7a05ebb468037f6f7875088aa5c5698eae39f3d6bdf5"
"md","step-01-init","gds","gds/workflows/2-design/narrative/steps/step-01-init.md","dc40243a28167a79a623ac353dfe12b8540c26f917a62fa1f6dcebb57e78f6dc"
"md","step-01-init","gds","gds/workflows/3-technical/game-architecture/steps/step-01-init.md","0442f4159b8ecd2adeada882ed62e4eb902bbd02e140238d79399f4b6e2c42df"
"md","step-01-mode-detection","gds","gds/workflows/gds-quick-flow/gds-quick-dev/steps/step-01-mode-detection.md","838ecd90846d77466c7895f36ad836a0917a05189cafb86e5fdfcb70ebf029d1"
"md","step-01-understand","gds","gds/workflows/gds-quick-flow/quick-spec/steps/step-01-understand.md","1f5aa04e80ae353b8f9afb396dbeb3354c5b2e74e0caddc84bd1cd83aec20477"
"md","step-01-validate-prerequisites","gds","gds/workflows/3-technical/create-epics-and-stories/steps/step-01-validate-prerequisites.md","87ec78541d963bb399c189d6276c4c6a7c0b368de94a3ebbd45159b8716c535a"
"md","step-01b-continue","gds","gds/workflows/1-preproduction/game-brief/steps/step-01b-continue.md","5b4bd06f79bf71ccc8f66e0a72d687fe52388750881469cafa5de48361cdc343"
"md","step-01b-continue","gds","gds/workflows/2-design/create-prd/steps-c/step-01b-continue.md","c758da2eab9caa7c0ae30cd1a21cd1bdb590509552ff12808bc66b0f2f0f0333"
"md","step-01b-continue","gds","gds/workflows/2-design/gdd/steps/step-01b-continue.md","a924f021f613cbe3e717e1726f6eed9f0c6cff596110374fea0a0768eeb64988"
"md","step-01b-continue","gds","gds/workflows/2-design/gds-create-ux-design/steps/step-01b-continue.md","2aac065c9932aa7b1c89ff6f435d8963e8127dfb63bf9f870dcc078621186e2f"
"md","step-01b-continue","gds","gds/workflows/2-design/narrative/steps/step-01b-continue.md","073dba91994fe1593c7272fdf960e9bc56656f8e5c9f4347c63a8c94b0afbece"
"md","step-01b-continue","gds","gds/workflows/3-technical/game-architecture/steps/step-01b-continue.md","b135163e274cbaeee45297a01b2afc8c9766ec0009db9f915328d99b51d2b1da"
"md","step-02-context","gds","gds/workflows/1-preproduction/brainstorm-game/steps/step-02-context.md","c5901693acfb4f54d777c88107fb8e5353b9dada84b0dbf6646b2b1d156a6d90"
"md","step-02-context","gds","gds/workflows/2-design/gdd/steps/step-02-context.md","bfabdec25e0bd4f96bd7ae45b91a23373cb707eea509ebde26aa89258fb98cca"
"md","step-02-context","gds","gds/workflows/3-technical/game-architecture/steps/step-02-context.md","e95f67c133ced49d14b9ecb6f6a3317d291a052d774b33adeb70bc77a3aec5d9"
"md","step-02-context-gathering","gds","gds/workflows/gds-quick-flow/gds-quick-dev/steps/step-02-context-gathering.md","bbce1963eface92d81430150de41768bf690a4df8f667e7c172b18e03d55399b"
"md","step-02-customer-behavior","gds","gds/workflows/1-preproduction/research/market-steps/step-02-customer-behavior.md","4603f8de79cc8c77c1fceb45af071dd9cc0fe4b306d84a5cd49fc9c5dc654eee"
"md","step-02-design-epics","gds","gds/workflows/3-technical/create-epics-and-stories/steps/step-02-design-epics.md","8d0621737e9c8029b2872deee3a794cf6239563c21e4a136100aca150556b996"
"md","step-02-discovery","gds","gds/workflows/2-design/create-prd/steps-c/step-02-discovery.md","7dc82168801af3ab5636796c589d158e8b292ec8b54505c8aa84e902482f8d6d"
"md","step-02-discovery","gds","gds/workflows/2-design/gds-create-ux-design/steps/step-02-discovery.md","393783062b3368b0d03b841f4b06f4a0c3d7f6538e5c10dbd87e3910232290d8"
"md","step-02-domain-analysis","gds","gds/workflows/1-preproduction/research/gds-domain-research/domain-steps/step-02-domain-analysis.md","6fe5a82ef0098b47a6a73d34b21c95e10619fdd2d1600582848b8456b749ca35"
"md","step-02-foundation","gds","gds/workflows/2-design/narrative/steps/step-02-foundation.md","d8f6f24c16845c4f9b787d96fee4c1655e2154f714a5efbd13b830a9d6a88acd"
"md","step-02-gdd-analysis","gds","gds/workflows/3-technical/check-implementation-readiness/steps/step-02-gdd-analysis.md","9e9141a287b508ddb3fc756d0e90bd97b3c73800a69a939122f4db8f68297b4f"
"md","step-02-generate","gds","gds/workflows/3-technical/generate-project-context/steps/step-02-generate.md","11deeb2b4bc97f8c5e0a9b234cba937781cd03a874a3cb05e4044d7116ea443c"
"md","step-02-investigate","gds","gds/workflows/gds-quick-flow/quick-spec/steps/step-02-investigate.md","dbfaf21c8f0fa3aef8c4914c8418b2e474cc8e782989f58e80b90dd1741582da"
"md","step-02-plan","gds","gds/workflows/gds-quick-flow/gds-quick-dev-new-preview/steps/step-02-plan.md","2309a85cac8df05f518c6d170cf99df5492162546985e93066af7af2a90849c1"
"md","step-02-technical-overview","gds","gds/workflows/1-preproduction/research/technical-steps/step-02-technical-overview.md","2645cd73ff2bae09088961a8d8cfc41fe572dbc1d4e95b59bb678fbdb739c523"
"md","step-02-vision","gds","gds/workflows/1-preproduction/game-brief/steps/step-02-vision.md","2a4cf32b59f1dbfa397bfd9a6dfcde866e7967666c574fe6b069cde356403b23"
"md","step-02b-vision","gds","gds/workflows/2-design/create-prd/steps-c/step-02b-vision.md","6edaf0b9dd99fb135484662a4b0bd0105b20da8fe1c46eaf1bf57339ab8c63cc"
"md","step-02c-executive-summary","gds","gds/workflows/2-design/create-prd/steps-c/step-02c-executive-summary.md","ab8fb49807785088369ee9e837ee19d2feaa97d66173d3748dd4828138c447a5"
"md","step-03-competitive-landscape","gds","gds/workflows/1-preproduction/research/gds-domain-research/domain-steps/step-03-competitive-landscape.md","a4e67a4cc2d7f0e88e07bbf431c7d94f51dbb505f4171a6eefcba6cfb208dcd2"
"md","step-03-complete","gds","gds/workflows/3-technical/generate-project-context/steps/step-03-complete.md","b33c31b630ac09ad2735a4265c5d29accab816f588fcc194b81366c2f77de20e"
"md","step-03-core-experience","gds","gds/workflows/2-design/gds-create-ux-design/steps/step-03-core-experience.md","f20ef5018e52d0d5c243782d3b104053e37e6f5772bf51417839c34d62bad853"
"md","step-03-create-stories","gds","gds/workflows/3-technical/create-epics-and-stories/steps/step-03-create-stories.md","6a46b4f5d643c69e3db16604b33717b4872713819720bb16882602f9dd790f04"
"md","step-03-customer-pain-points","gds","gds/workflows/1-preproduction/research/market-steps/step-03-customer-pain-points.md","676242d1e204c864cc8a90947ee180f91293b3130921effbe01576b618a255da"
"md","step-03-epic-coverage-validation","gds","gds/workflows/3-technical/check-implementation-readiness/steps/step-03-epic-coverage-validation.md","382801a2562cd967e222fbe94385573c5bd910c778647b33efdd794c45cac0b2"
"md","step-03-execute","gds","gds/workflows/gds-quick-flow/gds-quick-dev/steps/step-03-execute.md","cf7d2f9161e32f1c86cf1d05b100ea242ce34f80c557e2086bfd916b6e3a82af"
"md","step-03-generate","gds","gds/workflows/gds-quick-flow/quick-spec/steps/step-03-generate.md","dcbd2045d9c8056d4f907f26a1c62d64791ff645af643a6fb0c75913ee89ce53"
"md","step-03-ideation","gds","gds/workflows/1-preproduction/brainstorm-game/steps/step-03-ideation.md","00be5edf29537572e616f2a2da480abfabcb995274f33adf022c6e138b852599"
"md","step-03-implement","gds","gds/workflows/gds-quick-flow/gds-quick-dev-new-preview/steps/step-03-implement.md","c8004eecdc0d7e5f6bb5af5b0411b15c3c121da62be37ca00294cf3debf4db7f"
"md","step-03-integration-patterns","gds","gds/workflows/1-preproduction/research/technical-steps/step-03-integration-patterns.md","d56c50d10feb1db60598c319e079feab13016e297c674455cc05e63e7f1b366f"
"md","step-03-market","gds","gds/workflows/1-preproduction/game-brief/steps/step-03-market.md","576bbf55db723cb8350a83fd1e991059c19a90eed32c25eb7c56b2c0964f60c4"
"md","step-03-platforms","gds","gds/workflows/2-design/gdd/steps/step-03-platforms.md","971b6de4afa59d5636ac42fefbc860adbd1da6fb9d87610e23b94552547d0b1d"
"md","step-03-starter","gds","gds/workflows/3-technical/game-architecture/steps/step-03-starter.md","30c761d4ea89a9e7558354f2a67463a342fa3d3ee13b59ab80272629c1343413"
"md","step-03-story","gds","gds/workflows/2-design/narrative/steps/step-03-story.md","50207ffcef71694097700e444809163e051b0234c5b9f61b3cf839f35ffe6f03"
"md","step-03-success","gds","gds/workflows/2-design/create-prd/steps-c/step-03-success.md","94abd221a3e3a384d0827b0857bfde033e111b68f0c57186340d2d3a23b7c93f"
"md","step-04-architectural-patterns","gds","gds/workflows/1-preproduction/research/technical-steps/step-04-architectural-patterns.md","fc86d8ded78009f15bd0f8fa5501fd73853f2ac689504366cd2bf825a6a66802"
"md","step-04-characters","gds","gds/workflows/2-design/narrative/steps/step-04-characters.md","1e5279d9be9695fae30790975e0f6004849cc570454ee733a24a6359bcf1d4f5"
"md","step-04-complete","gds","gds/workflows/1-preproduction/brainstorm-game/steps/step-04-complete.md","94632d9992030a039d5330ab2b0788c1b9d6ecbcc518f0eaf39b53f349c7ac82"
"md","step-04-customer-decisions","gds","gds/workflows/1-preproduction/research/market-steps/step-04-customer-decisions.md","a8cec1d9c601f925baddbd57e5af21c04a6632ca6cdeb26f5d8c2a619390ef61"
"md","step-04-decisions","gds","gds/workflows/3-technical/game-architecture/steps/step-04-decisions.md","aa3ff844bb99753cf120788b79d3aa65371305f7fe5dc99598d1f667c12df2ea"
"md","step-04-emotional-response","gds","gds/workflows/2-design/gds-create-ux-design/steps/step-04-emotional-response.md","28e09314f3f74b6c7f0161500248756f4a23aff522c48cedb8e49870419e221a"
"md","step-04-final-validation","gds","gds/workflows/3-technical/create-epics-and-stories/steps/step-04-final-validation.md","ec3a8564b88ed25a98804dca8092039f2f00e4ee2f85405155c81d053ac966f7"
"md","step-04-fundamentals","gds","gds/workflows/1-preproduction/game-brief/steps/step-04-fundamentals.md","82cd98d798372ca157d70f81e0531855bbfbc6892a2a80730df54a905c244223"
"md","step-04-journeys","gds","gds/workflows/2-design/create-prd/steps-c/step-04-journeys.md","b0d78b608c599732c42a0f67234fd37e8befa6b4f296937ed5b1d75a2d465353"
"md","step-04-regulatory-focus","gds","gds/workflows/1-preproduction/research/gds-domain-research/domain-steps/step-04-regulatory-focus.md","8a2b9622263b7ec614f487f72e2c879c478639f5bb9d7f6f201a5a3b0745fcb2"
"md","step-04-review","gds","gds/workflows/gds-quick-flow/gds-quick-dev-new-preview/steps/step-04-review.md","0ab788702dfb60b6987fa3a426ce6f159664dd8e4c132312767c8a720730d1f6"
"md","step-04-review","gds","gds/workflows/gds-quick-flow/quick-spec/steps/step-04-review.md","c7f98c9f98cface84a1f7519684f1087df10b65c243ee5854048f4d1dc1f0375"
"md","step-04-self-check","gds","gds/workflows/gds-quick-flow/gds-quick-dev/steps/step-04-self-check.md","82b7c8a389e1b5284953918ab61abdc7185d9bfbffc4d397d5e39a42a4cee0ee"
"md","step-04-ux-alignment","gds","gds/workflows/3-technical/check-implementation-readiness/steps/step-04-ux-alignment.md","1db7f77eb51c51bf8fa57bec7756bf72e6044d824ad2fee0b1944000a2c9fee7"
"md","step-04-vision","gds","gds/workflows/2-design/gdd/steps/step-04-vision.md","be240cf61b5ae710cf9d9baca1aea7a8af55670b015c731ea512d7eff06da4cb"
"md","step-05-adversarial-review","gds","gds/workflows/gds-quick-flow/gds-quick-dev/steps/step-05-adversarial-review.md","559a0f47f457bb4dc1e431b1ef227d686b9bb59eb43af8cfd1108d07fd76ede8"
"md","step-05-competitive-analysis","gds","gds/workflows/1-preproduction/research/market-steps/step-05-competitive-analysis.md","1fb1ddf478d2e61fd51084d8cd272cec99f22c7be68aad4405fe8adc3261ffef"
"md","step-05-core-gameplay","gds","gds/workflows/2-design/gdd/steps/step-05-core-gameplay.md","ae0071c72f88363635e6547bb3064cce0f9188a033e63234e21fe5ff161fcdb3"
"md","step-05-crosscutting","gds","gds/workflows/3-technical/game-architecture/steps/step-05-crosscutting.md","a527852832da1ab5dab7eb9c690028b3d1a4270048882dc7b742bcdb614c1aa4"
"md","step-05-domain","gds","gds/workflows/2-design/create-prd/steps-c/step-05-domain.md","e6300a36996157eeecd0573186d06777594dc99411499648790ca73180684d7b"
"md","step-05-epic-quality-review","gds","gds/workflows/3-technical/check-implementation-readiness/steps/step-05-epic-quality-review.md","e8df458084637eb3b2e426835ab500af53deb642bcbe09f35c2b257d159ca9b3"
"md","step-05-implementation-research","gds","gds/workflows/1-preproduction/research/technical-steps/step-05-implementation-research.md","831f7d449189ca9a2f10ee134b50f1c28d3d013f48a4fc8cb962f60b5d013dc9"
"md","step-05-inspiration","gds","gds/workflows/2-design/gds-create-ux-design/steps/step-05-inspiration.md","83be000dc380249389fccaef8c0b32bf333b657dd177799df8219381ee56fcc3"
"md","step-05-present","gds","gds/workflows/gds-quick-flow/gds-quick-dev-new-preview/steps/step-05-present.md","925f1051b3cf93ca7fe78ec75c1a582ea7abc69005c646b4add834998d026b8d"
"md","step-05-scope","gds","gds/workflows/1-preproduction/game-brief/steps/step-05-scope.md","b7745d5691d4f9620a05a94a6d9fd5d256ed6f28e76cada6f0b1f295167227d3"
"md","step-05-technical-trends","gds","gds/workflows/1-preproduction/research/gds-domain-research/domain-steps/step-05-technical-trends.md","e7b184a75617338b9ae2834d1d3b16cbe33c49131bfd2486e731c20305005975"
"md","step-05-world","gds","gds/workflows/2-design/narrative/steps/step-05-world.md","9be3c2bd3b2604f90162bebd1b08cea2977734cea0bb8327c43ef73a522b9019"
"md","step-06-design-system","gds","gds/workflows/2-design/gds-create-ux-design/steps/step-06-design-system.md","247f86d87a8b08beeee1e4e1ecaf1535ffa7b2fb36751145fc2001989fa33c1b"
"md","step-06-dialogue","gds","gds/workflows/2-design/narrative/steps/step-06-dialogue.md","5b5ed27b72f31cbac6c5c14b250a06374a236dce14abe928c3a6050c31b1519e"
"md","step-06-final-assessment","gds","gds/workflows/3-technical/check-implementation-readiness/steps/step-06-final-assessment.md","ea01383df91fc751a260d903db18891f611b0956097d01cd56921f3a01262966"
"md","step-06-innovation","gds","gds/workflows/2-design/create-prd/steps-c/step-06-innovation.md","1c64101146c0662bd0f15d938015ee09f1e92e77081eccb57a88681c1e6ab610"
"md","step-06-mechanics","gds","gds/workflows/2-design/gdd/steps/step-06-mechanics.md","eb34d7d1c4fa544720679dafcf98e3462e2098b50e62f8f4e409f1b92a7c77f9"
"md","step-06-references","gds","gds/workflows/1-preproduction/game-brief/steps/step-06-references.md","6722fed91c0a09c069cba8e72287a90bf5f6c72a497e094150c292443883d2e6"
"md","step-06-research-completion","gds","gds/workflows/1-preproduction/research/market-steps/step-06-research-completion.md","87cec5d054bdd13b6a61498b99ba958f5f4a58e30810629780d78932da549f23"
"md","step-06-research-synthesis","gds","gds/workflows/1-preproduction/research/gds-domain-research/domain-steps/step-06-research-synthesis.md","eec5a017fa74135323df67948e3d80563d497f6267d80e97e82fe93abeda48cf"
"md","step-06-research-synthesis","gds","gds/workflows/1-preproduction/research/technical-steps/step-06-research-synthesis.md","6a8d076da0d142acab6688aa5f0ae5f919200922cc4eb94818d9c1d66755c1ee"
"md","step-06-resolve-findings","gds","gds/workflows/gds-quick-flow/gds-quick-dev/steps/step-06-resolve-findings.md","d7371ffa3bfa1fa728f6e47e115d8af59605e4c9227c3d219207757738926143"
"md","step-06-structure","gds","gds/workflows/3-technical/game-architecture/steps/step-06-structure.md","d2d05b7ee042abea286a1b50180c3e7326cc37f94ca08366f5adb5711d633c4d"
"md","step-07-content","gds","gds/workflows/1-preproduction/game-brief/steps/step-07-content.md","7fb80b029e0174d4d3ca0f9b4ce3f9826b2a2a2a16b7d5d3a6a23f9f7c875f27"
"md","step-07-defining-experience","gds","gds/workflows/2-design/gds-create-ux-design/steps/step-07-defining-experience.md","e6414863908096d094a9cf61283fd9fc9defe23e93d9d8b14b3920d2019ba04c"
"md","step-07-environmental","gds","gds/workflows/2-design/narrative/steps/step-07-environmental.md","16945623aa28d86174df2ce3956c1b078b075420e6d304b3275e5e1df0201432"
"md","step-07-game-type","gds","gds/workflows/2-design/gdd/steps/step-07-game-type.md","2278cb4eada6d254e2fa9942ad8479c6b81d15da6b98e1f1207e7ea66607f44b"
"md","step-07-patterns","gds","gds/workflows/3-technical/game-architecture/steps/step-07-patterns.md","b827bdf6e33335d44ac1fa8fb996d9722fbca70c270b8802c5cd68655aff4884"
"md","step-07-project-type","gds","gds/workflows/2-design/create-prd/steps-c/step-07-project-type.md","71c142046466f5888849fa96b5f93b290d057f93851b790a1af58ba97d9c0807"
"md","step-08-complete","gds","gds/workflows/1-preproduction/game-brief/steps/step-08-complete.md","aec4903e3b4d07bf3ef0ec961e997d46f1dba296d5b7afe9c5ad3ba00374755b"
"md","step-08-delivery","gds","gds/workflows/2-design/narrative/steps/step-08-delivery.md","88c0b21bef9e150416b7bc4f3c9a92f422e975747681a8b7fe77703ceb971bbd"
"md","step-08-progression","gds","gds/workflows/2-design/gdd/steps/step-08-progression.md","f698ffea7743bc01960018a1cb947b7fecfdee82b081e57c29a19d99983847c6"
"md","step-08-scoping","gds","gds/workflows/2-design/create-prd/steps-c/step-08-scoping.md","c3f73fa734a21f5d0888cac1bd08fc17c32b83f01663621a08c3b9e65bc255f3"
"md","step-08-validation","gds","gds/workflows/3-technical/game-architecture/steps/step-08-validation.md","c6da22c75382a54bf2018730904b657876fe4f6a3e1382ecb07cbd3934359949"
"md","step-08-visual-foundation","gds","gds/workflows/2-design/gds-create-ux-design/steps/step-08-visual-foundation.md","56f0c4939c9fcbea5b5dfb37b99589885ccc3ac6130a475bcf0b8e393d03859e"
"md","step-09-complete","gds","gds/workflows/3-technical/game-architecture/steps/step-09-complete.md","0c5c44855688713c9c7d052dc5c644fb4e44633aed199467f53fe6ed9c86bb96"
"md","step-09-design-directions","gds","gds/workflows/2-design/gds-create-ux-design/steps/step-09-design-directions.md","545e06b70068c3809548fbdef3c0fa98b332aa7904fff64767b63853ac6126e9"
"md","step-09-functional","gds","gds/workflows/2-design/create-prd/steps-c/step-09-functional.md","dcbd36492ef0ac08fcee5b21610baa28e3a8a9c9eb9a85f92b409e641a4b4cc3"
"md","step-09-integration","gds","gds/workflows/2-design/narrative/steps/step-09-integration.md","b2ba1b2287da5a6a9ebea2b7c60a18402a668f5f7559300f5ec082fd11b86f94"
"md","step-09-levels","gds","gds/workflows/2-design/gdd/steps/step-09-levels.md","21e8ffbf94b03977604f9f605611c61957cdbb522074dd1a9116053c7f5ef361"
"md","step-10-art-audio","gds","gds/workflows/2-design/gdd/steps/step-10-art-audio.md","fe30124b269768818bc39ac4dbf437993abbe30607e52da1f5756236f5328e5b"
"md","step-10-nonfunctional","gds","gds/workflows/2-design/create-prd/steps-c/step-10-nonfunctional.md","8ac1de3fe18f44260dbc542661b584ea2fbec55ab239a6762e6ee078ceca7e64"
"md","step-10-production","gds","gds/workflows/2-design/narrative/steps/step-10-production.md","807da1f7f7eeb7692d4a978e7cb608139abbc66b7beb1641b69f2477ed1b622d"
"md","step-10-user-journeys","gds","gds/workflows/2-design/gds-create-ux-design/steps/step-10-user-journeys.md","c670569149046c976d96827dcacbfcbc1f6a13d570dee8a3409ac68c69948971"
"md","step-11-complete","gds","gds/workflows/2-design/narrative/steps/step-11-complete.md","fb515367fc2e2172ac030078bfc311de271dbdaeea1b2da02f5d298666d14ff4"
"md","step-11-component-strategy","gds","gds/workflows/2-design/gds-create-ux-design/steps/step-11-component-strategy.md","c9f52f40ff758c337ae2056bfc61279fae8da4e7260b29916be1806534d32484"
"md","step-11-polish","gds","gds/workflows/2-design/create-prd/steps-c/step-11-polish.md","80dc81a418ade3c746d9b6492adc90ac49020a76fe2afb20616a2aa608568f0d"
"md","step-11-technical","gds","gds/workflows/2-design/gdd/steps/step-11-technical.md","8a4aba5805590bfd717f3d661ce32b2c6fa6984eacda888a5971b79dbef9bbeb"
"md","step-12-complete","gds","gds/workflows/2-design/create-prd/steps-c/step-12-complete.md","457c153b4a78b18ff1060ce42c66592024cfcb881eaf69211f26385e836d6b9b"
"md","step-12-epics","gds","gds/workflows/2-design/gdd/steps/step-12-epics.md","011e0663300bd38d5abbdaa25d7ce72323b9ee9665e908419e80484eb9b59d1d"
"md","step-12-ux-patterns","gds","gds/workflows/2-design/gds-create-ux-design/steps/step-12-ux-patterns.md","1f4536ebb5683b2bf2023f04841dde47499f5db01c9f5afd80da7379417ea753"
"md","step-13-metrics","gds","gds/workflows/2-design/gdd/steps/step-13-metrics.md","0699f939578d514a2f10ca35016fa872deef4ecb2f4edf67d3027107c255c486"
"md","step-13-responsive-accessibility","gds","gds/workflows/2-design/gds-create-ux-design/steps/step-13-responsive-accessibility.md","ac0318e7f03940450660d0d2f4c8fe09a671f94e1cc1addec6ee1d7e2778f15f"
"md","step-14-complete","gds","gds/workflows/2-design/gdd/steps/step-14-complete.md","45e5a6cb1e624d999eff6dd1a49368c2d922c793de087ee01b543ec7a6b07212"
"md","step-14-complete","gds","gds/workflows/2-design/gds-create-ux-design/steps/step-14-complete.md","d3a52d397ad173527221efcac5ea81eb2800d77d78c908a4136bfaa3ebaad252"
"md","step-e-01-discovery","gds","gds/workflows/2-design/create-prd/steps-e/step-e-01-discovery.md","ebfd9f9b44110b96c0576c8785737d412ad52b024693ff310aef47dc03adcd21"
"md","step-e-01b-legacy-conversion","gds","gds/workflows/2-design/create-prd/steps-e/step-e-01b-legacy-conversion.md","570b33681a05e9ceca12836fc103147f4af02b9b0112ce0273e13423643f01c2"
"md","step-e-02-review","gds","gds/workflows/2-design/create-prd/steps-e/step-e-02-review.md","162dbcda0441401c084a08a67df82d2840d3daffdc92f299f667bdd4bb956275"
"md","step-e-03-edit","gds","gds/workflows/2-design/create-prd/steps-e/step-e-03-edit.md","0d1c32f304b2cb199ec86d0b3a6a947c32f1ccdecf71077ecc1b2a747853ad43"
"md","step-e-04-complete","gds","gds/workflows/2-design/create-prd/steps-e/step-e-04-complete.md","b20fb364ffb23e6e6514c56b1cb21c739e0219d9885b8bcae5fded315b1d00c2"
"md","step-v-01-discovery","gds","gds/workflows/2-design/create-prd/steps-v/step-v-01-discovery.md","7c7924c82bca40f6e00170244bf59829f1bf299b294fbaf6f78128dfb012c31d"
"md","step-v-02-format-detection","gds","gds/workflows/2-design/create-prd/steps-v/step-v-02-format-detection.md","a1ad3032654c759c0111801a533bf68a8b841b5b2efd32947217c4286e1029f7"
"md","step-v-02b-parity-check","gds","gds/workflows/2-design/create-prd/steps-v/step-v-02b-parity-check.md","9285dab13b9b10901ac3e89c19fba59af5b97c360c387ff526144bec824ee693"
"md","step-v-03-density-validation","gds","gds/workflows/2-design/create-prd/steps-v/step-v-03-density-validation.md","2671fa76bb53ec523944d1dc706d804ca353e9422f29609a9b423d2b2a7a114c"
"md","step-v-04-brief-coverage-validation","gds","gds/workflows/2-design/create-prd/steps-v/step-v-04-brief-coverage-validation.md","d0fd2b63610a7ae7c6a8f1aca716d8d208f908599583e389a03fab643d4803c9"
"md","step-v-05-measurability-validation","gds","gds/workflows/2-design/create-prd/steps-v/step-v-05-measurability-validation.md","2d32a4cc033a9a977543e268db617eca82488eae13ef754dd4bcac7105e8533a"
"md","step-v-06-traceability-validation","gds","gds/workflows/2-design/create-prd/steps-v/step-v-06-traceability-validation.md","cec17c3a8dba4d9f170ea3150254d95f17658f4ae8c7d6ee68cd63ebcafbfaba"
"md","step-v-07-implementation-leakage-validation","gds","gds/workflows/2-design/create-prd/steps-v/step-v-07-implementation-leakage-validation.md","54ececda83a674e1e609168b56b8083cb596a256cae220197b0e46c287c61248"
"md","step-v-08-domain-compliance-validation","gds","gds/workflows/2-design/create-prd/steps-v/step-v-08-domain-compliance-validation.md","7f21ad977150d9280b2a7ede37b76305bd42d48ee00176d146b522deeb02494e"
"md","step-v-09-project-type-validation","gds","gds/workflows/2-design/create-prd/steps-v/step-v-09-project-type-validation.md","a8769227f61fc2512bcfb89122a561943dcbb51c5c8d703e8112b1ff5dc7da08"
"md","step-v-10-smart-validation","gds","gds/workflows/2-design/create-prd/steps-v/step-v-10-smart-validation.md","3f517e15b8eee35904e0288a800c00c6c306287b31ac41d2c5fb1c4f24d2cd92"
"md","step-v-11-holistic-quality-validation","gds","gds/workflows/2-design/create-prd/steps-v/step-v-11-holistic-quality-validation.md","7e9bdfbb581a1c0382302f1eaf4a039f8c7aff10ecadb41cb2dc8307e29ec032"
"md","step-v-12-completeness-validation","gds","gds/workflows/2-design/create-prd/steps-v/step-v-12-completeness-validation.md","612ae0afb762034b8b479c70458d4848bffc72ccad3a7a2a87a563fd059cf7aa"
"md","step-v-13-report-complete","gds","gds/workflows/2-design/create-prd/steps-v/step-v-13-report-complete.md","5d758fb68ba847d608826d00bd31835c312481a210df11b27af72c152aa4c135"
"md","strategy","gds","gds/workflows/2-design/gdd/game-types/strategy.md","3b453b6e3a70d65ec2428bf53195edcb5c3f194341110f4034d55c9707fac65d"
"md","survival","gds","gds/workflows/2-design/gdd/game-types/survival.md","524f50b6929bab7b10dbcc2437002cb79139188594e6d17ceb7abecd76e8b295"
"md","tech-spec-template","gds","gds/workflows/gds-quick-flow/gds-quick-dev-new-preview/tech-spec-template.md","9c41e1ad4c07627a0978ab2d5b87a53357e3e2a1222b01a57a640cbacd010a09"
"md","tech-spec-template","gds","gds/workflows/gds-quick-flow/quick-spec/tech-spec-template.md","7186c7c1a8a327b3e9598f2711666540736569f46fd0ba5751f0f2c03e5e9a01"
"md","template","gds","gds/workflows/4-production/gds-create-story/template.md","31c35d74f9c84250b0b3574ca02c3041b243342e365e1c190a2d27b9971e9aab"
"md","test-design-template","gds","gds/workflows/gametest/test-design/test-design-template.md","cdc62ad21c1970ff99594fd8f965ca208013e5f2fe1947f08ef169d9830c6336"
"md","test-priorities","gds","gds/gametest/knowledge/test-priorities.md","ab91b9b455586553ea5bf9f991db3a88613bf6e57ca230cc9a4f713364f9799b"
"md","test-review-template","gds","gds/workflows/gametest/test-review/test-review-template.md","99166ae52604775b0f51f5a7b569fcf658803bdb57a210807bee7c10173816c5"
"md","text-based","gds","gds/workflows/2-design/gdd/game-types/text-based.md","96c1d8cd99377cbebb873c5d660534f7fbfb848f503511eb24a25fe1e25ab4bf"
"md","tower-defense","gds","gds/workflows/2-design/gdd/game-types/tower-defense.md","c53a3bcb028d93bede1926d4c4b32a84321fe0ab5238974fe855e86631030b70"
"md","turn-based-tactics","gds","gds/workflows/2-design/gdd/game-types/turn-based-tactics.md","5438cbf5fc800facfe724651821ba851231ccb1e26cd83ab658ead9a012c695d"
"md","unity-engine","gds","gds/workflows/3-technical/game-architecture/knowledge/unity-engine.md","691e75872ce221c8ae92814065d35720ae260adcd71e5bb107686ad086bdde99"
"md","unity-testing","gds","gds/gametest/knowledge/unity-testing.md","7e196ea43cf8b35b4b290269ec24bf49f1fdf57c81987e7a9f0aeb2a48d94b11"
"md","unreal-engine","gds","gds/workflows/3-technical/game-architecture/knowledge/unreal-engine.md","04027d82f7add176d072d34e23f2d498a256c2a0a2ca4f8927b195edfac07205"
"md","unreal-testing","gds","gds/gametest/knowledge/unreal-testing.md","d3d656434f9fddee65e8b0a4826067176663be2373fdcb240f5c37dcd8e11c05"
"md","ux-design-template","gds","gds/workflows/2-design/gds-create-ux-design/ux-design-template.md","e3243405e033ac20fc1f39f2ec39f60629a00599b7638b5b17be8ce1cb65974c"
"md","visual-novel","gds","gds/workflows/2-design/gdd/game-types/visual-novel.md","c069fdf5a0bc18a129cf4ce1362e1b67b627943a0e40bdf46730e92202ea797a"
"md","workflow","gds","gds/workflows/1-preproduction/brainstorm-game/workflow.md","fabd8abee56e2190b71e11160bad17f9c9f4c78bf2997a72047b504377cb71b5"
"md","workflow","gds","gds/workflows/1-preproduction/game-brief/workflow.md","2d2f43fc258357b8ae40ab48cbe34c989fbcdb78b6b436d1501088d6e64a013a"
"md","workflow","gds","gds/workflows/1-preproduction/research/gds-domain-research/workflow.md","50935558d159301b68c48aeb44d5d248c98d6746301417c90bf26c4b90c51b83"
"md","workflow","gds","gds/workflows/2-design/gdd/workflow.md","b426bd855d022b1a8062ce91a7aad6b96ccb41ad73e5095c53d2ab27695e6ae0"
"md","workflow","gds","gds/workflows/2-design/gds-create-ux-design/workflow.md","dfb503934604798a284893cde044b003807b45cf775aaa4887d5c1b3aba49b31"
"md","workflow","gds","gds/workflows/2-design/narrative/workflow.md","237373fed5e1f3d418656eb4613acb1c94334aefddac525a9f240e7367f0b03e"
"md","workflow","gds","gds/workflows/3-technical/check-implementation-readiness/workflow.md","9b33fa2c882fd29bff217a37b905b51855d6956f682cd7657e13620bbcf421f3"
"md","workflow","gds","gds/workflows/3-technical/create-epics-and-stories/workflow.md","0405411956d617ed3246e99ac4b6f456da0ef40f676a590c2ea13371d72da1b5"
"md","workflow","gds","gds/workflows/3-technical/game-architecture/workflow.md","a19ba5d708332ed776d7680a36a22766fa578d47feb15b625df489f08ffb01d1"
"md","workflow","gds","gds/workflows/3-technical/generate-project-context/workflow.md","ca9041c1b5921ff6250a820cc923b07a9ffc59adcc3ff5a23292a7518bf519e7"
"md","workflow","gds","gds/workflows/4-production/code-review/workflow.md","41ad1cf2e02587df1d22f7597c8104d2d475d946c6f28f7246aa610c5af22485"
"md","workflow","gds","gds/workflows/4-production/correct-course/workflow.md","b370c6e368cd4ccf8a4292a045b7327f213c5a334c74e895d33f26ca799fe95c"
"md","workflow","gds","gds/workflows/4-production/gds-create-story/workflow.md","fa0d85a39051902c5395e38b4c1005f27891ae93a23bac114cc1315b5889a1e4"
"md","workflow","gds","gds/workflows/4-production/gds-dev-story/workflow.md","5f56f327302ae71b0662fa285214989ac74420f3d39e54c6bc0d85e0bc76bb19"
"md","workflow","gds","gds/workflows/4-production/retrospective/workflow.md","acc52bd41219a712502380f06b8f2ac446a36a81afbd83b70729b5cf1267861f"
"md","workflow","gds","gds/workflows/4-production/sprint-planning/workflow.md","5ab47d769807359f42e688a1b3d4d80d07b9185a118b9d30940a521762b03a51"
"md","workflow","gds","gds/workflows/4-production/sprint-status/workflow.md","95182b0a1ce2adcaa6737d400da6adb912d2625ee57fa7201cd13f5c39c09e96"
"md","workflow","gds","gds/workflows/document-project/workflow.md","ce4abb69abc5b335dc5e2466046cab96b02c718f922e52e7abb72465af0c2d12"
"md","workflow","gds","gds/workflows/gametest/automate/workflow.md","47bc92df5f2153bdf83e206a6f1ff74fdc0221f131ce8707a04fbd50106c1efd"
"md","workflow","gds","gds/workflows/gametest/e2e-scaffold/workflow.md","5378131e36b8464ab47e5e1a84dcf74dad59a292af58f966e4827be7dbd0f550"
"md","workflow","gds","gds/workflows/gametest/performance/workflow.md","bd117957fc33f25ca72ad763a1bd3bce06a9709e10f65e0c057c6764fb135a97"
"md","workflow","gds","gds/workflows/gametest/playtest-plan/workflow.md","1b9e18b2beafc72198084a79c41abe752b42fdbc094ef6999845c836f88d8cff"
"md","workflow","gds","gds/workflows/gametest/test-design/workflow.md","b211c0afbd429d25a012148da390b3f6933f3316f752edbb8d61c07ed7e9c5bc"
"md","workflow","gds","gds/workflows/gametest/test-framework/workflow.md","865cd7455dd1ec7801ce7805975d009fe6ca3206f05f0bc9847827bcebbced3e"
"md","workflow","gds","gds/workflows/gametest/test-review/workflow.md","e896e49997d068ad2c974e5c240cffa7426fca0f6a6de66845b576c4ba4ab876"
"md","workflow","gds","gds/workflows/gds-quick-flow/gds-quick-dev/workflow.md","ca21bacdf9cc84d260ed43533ddb9b9f6a233e5fc36ea3e012ca05d2236785d1"
"md","workflow","gds","gds/workflows/gds-quick-flow/gds-quick-dev-new-preview/workflow.md","084eef90e0e81dc6bfed5091f48ff2523046f93068effb94d48aa831b2b13225"
"md","workflow","gds","gds/workflows/gds-quick-flow/quick-spec/workflow.md","db20f86ed8a0b87e8acc0b932ec560b7797a7ed70ecf4d7325d7c95b467c25fd"
"md","workflow-create-prd","gds","gds/workflows/2-design/create-prd/workflow-create-prd.md","dc2ba14e17e3ccc11c3aa0c59bd9afe945f8b9b8d603add35f1e8da9b785c178"
"md","workflow-edit-prd","gds","gds/workflows/2-design/create-prd/workflow-edit-prd.md","fb63626862bafd4f69df3eb29e3dd7e4b4634fafa1946f6935db066ebfcf8584"
"md","workflow-market-research","gds","gds/workflows/1-preproduction/research/workflow-market-research.md","1e475ae576c38065cc268f03476a39bf380dbbca6c1cc5540533594d8bc35cd7"
"md","workflow-technical-research","gds","gds/workflows/1-preproduction/research/workflow-technical-research.md","007008c22974faaebda08876049d90d0cab968f2905c1f317bed7d7e226734bb"
"md","workflow-validate-prd","gds","gds/workflows/2-design/create-prd/workflow-validate-prd.md","c6f4a206dac5455b9efcba8cd254835bf9e7ba8d1d3df25b2bb8532ec70fedfd"
"yaml","architecture-patterns","gds","gds/workflows/3-technical/game-architecture/architecture-patterns.yaml","ed3f948cb7ddd4b928bf6aa26d84695ade787f1979396f6230ea2c4cd9408ad3"
"yaml","bmad-skill-manifest","gds","gds/workflows/1-preproduction/brainstorm-game/bmad-skill-manifest.yaml","6bac1eafa338d8974ea346587f42e43294e756d2c7a57eb4615c1dd64d1278c3"
"yaml","bmad-skill-manifest","gds","gds/workflows/1-preproduction/game-brief/bmad-skill-manifest.yaml","ce6ac7e11f196b80c82e244d7f89a6292459dd98ac2634c74eff3bdd9722dcb5"
"yaml","bmad-skill-manifest","gds","gds/workflows/1-preproduction/research/bmad-skill-manifest.yaml","f4a69a34f8589ec87639b7ba082e0d9007ef4dd993de4a04f681667039020694"
"yaml","bmad-skill-manifest","gds","gds/workflows/1-preproduction/research/gds-domain-research/bmad-skill-manifest.yaml","fba78c307309490c064510a2d87d29e608120d600a705fd1d6b110adbdb68e63"
"yaml","bmad-skill-manifest","gds","gds/workflows/2-design/create-prd/bmad-skill-manifest.yaml","200660e2f30e654640f26c29a325875e77e90850b0ec1c7a618055e23a7a474a"
"yaml","bmad-skill-manifest","gds","gds/workflows/2-design/gdd/bmad-skill-manifest.yaml","4fdbd1291a3f47ef613432cbbaf323c392ce1ebe98a5b7ab88c61abf4d42a2f4"
"yaml","bmad-skill-manifest","gds","gds/workflows/2-design/gds-create-ux-design/bmad-skill-manifest.yaml","fba78c307309490c064510a2d87d29e608120d600a705fd1d6b110adbdb68e63"
"yaml","bmad-skill-manifest","gds","gds/workflows/2-design/narrative/bmad-skill-manifest.yaml","24779debffbef71822118eda5b2730eb8e326b6d65beebd1de9e2292029dca5b"
"yaml","bmad-skill-manifest","gds","gds/workflows/3-technical/check-implementation-readiness/bmad-skill-manifest.yaml","854df2910270ae1f7471e5271cf1952eadc760e7a031055c4e216b874653fffd"
"yaml","bmad-skill-manifest","gds","gds/workflows/3-technical/create-epics-and-stories/bmad-skill-manifest.yaml","f5fc5408b614e6ebf321ac86c4025b75e680bf349fbd553225998083406ea849"
"yaml","bmad-skill-manifest","gds","gds/workflows/3-technical/game-architecture/bmad-skill-manifest.yaml","1434e585b3b134bd09b8c8ec8856e9b5e26c5a6e2570fb95e2e5a1c54532b7e9"
"yaml","bmad-skill-manifest","gds","gds/workflows/3-technical/generate-project-context/bmad-skill-manifest.yaml","3162f52b0c5926f8a78227733d2bb058f770b0075cae846f143b7480fbbe1283"
"yaml","bmad-skill-manifest","gds","gds/workflows/4-production/code-review/bmad-skill-manifest.yaml","aeda4c4994735850ceaa1a83a73e80f6d348fe8be4113d554c83c784ab413d72"
"yaml","bmad-skill-manifest","gds","gds/workflows/4-production/correct-course/bmad-skill-manifest.yaml","aac292814f21475754ba75ffa0431e820ec3d90cf4979bbf2f04ba99f3b6d770"
"yaml","bmad-skill-manifest","gds","gds/workflows/4-production/gds-create-story/bmad-skill-manifest.yaml","fba78c307309490c064510a2d87d29e608120d600a705fd1d6b110adbdb68e63"
"yaml","bmad-skill-manifest","gds","gds/workflows/4-production/gds-dev-story/bmad-skill-manifest.yaml","fba78c307309490c064510a2d87d29e608120d600a705fd1d6b110adbdb68e63"
"yaml","bmad-skill-manifest","gds","gds/workflows/4-production/retrospective/bmad-skill-manifest.yaml","59889f7d957d731d40f660438f62f2664689ea6f0134f40d1c843a3d5c07eb70"
"yaml","bmad-skill-manifest","gds","gds/workflows/4-production/sprint-planning/bmad-skill-manifest.yaml","1105ef5fb98a87ebf08c8126f091c49f8b4f01c041c3a0891c9f0331b9ec6386"
"yaml","bmad-skill-manifest","gds","gds/workflows/4-production/sprint-status/bmad-skill-manifest.yaml","67f25d79406375f1020ff995701dfe04bb6eeb831f3b1392dfd20aa1ba4b5ab9"
"yaml","bmad-skill-manifest","gds","gds/workflows/document-project/bmad-skill-manifest.yaml","8054d162fd4b47f79de955563eb11102c2c35686e153c905e56b4c656e00d7bf"
"yaml","bmad-skill-manifest","gds","gds/workflows/gametest/automate/bmad-skill-manifest.yaml","b7b8a9f11d7978e8611294558c6d750b09766e28abaa400df80eab5d36c62636"
"yaml","bmad-skill-manifest","gds","gds/workflows/gametest/e2e-scaffold/bmad-skill-manifest.yaml","c220f1738ca64123429eb4cea6b9988c57ec3afa651e6a7e8b48c9589ccd307f"
"yaml","bmad-skill-manifest","gds","gds/workflows/gametest/performance/bmad-skill-manifest.yaml","c36e53a5c84d04be6ecbbc3a34200fccb85bddfe3557ff0bd11b717540078488"
"yaml","bmad-skill-manifest","gds","gds/workflows/gametest/playtest-plan/bmad-skill-manifest.yaml","883b06ed066677cc23ef6bd3df37f23912c9975efa53eeb4bc6ae192edbbd4f2"
"yaml","bmad-skill-manifest","gds","gds/workflows/gametest/test-design/bmad-skill-manifest.yaml","695d622c35fa04f42f0a8c29d887733fd4889ca5c636889d4ad7649fb70e49f3"
"yaml","bmad-skill-manifest","gds","gds/workflows/gametest/test-framework/bmad-skill-manifest.yaml","fbba84d94e4f669c19f28d4fa92bbaaa0f7bd36eb39f61c73ddd13dc3040dc1f"
"yaml","bmad-skill-manifest","gds","gds/workflows/gametest/test-review/bmad-skill-manifest.yaml","4525d0ef5ca2811c57cf5b3e3421cd1c3e99be62db5f7b163d509e60a8a62af9"
"yaml","bmad-skill-manifest","gds","gds/workflows/gds-quick-flow/gds-quick-dev/bmad-skill-manifest.yaml","0963db243aad37af2796398c0bb5c0fe08a2096f874a29d4e74681dfa3d1ad61"
"yaml","bmad-skill-manifest","gds","gds/workflows/gds-quick-flow/gds-quick-dev-new-preview/bmad-skill-manifest.yaml","33c650bff0c48642556a0ea22ca348f1aa1faebb2371af77db5952cedb628fc6"
"yaml","bmad-skill-manifest","gds","gds/workflows/gds-quick-flow/quick-spec/bmad-skill-manifest.yaml","6a37f71a5a193fd78d17fced8c5fffad4aca4372b19911c5ea741b7561a48b69"
"yaml","config","gds","gds/config.yaml","f83314a699f39dbe802968d086fd25a8ad87066a6504a6757519965011f5b16b"
"yaml","decision-catalog","gds","gds/workflows/3-technical/game-architecture/decision-catalog.yaml","ea7d7c5b13c8ce04e2e8dde7ef4273169627d66fcc3c74463e930e15cee7d6ae"
"yaml","engine-mcps","gds","gds/workflows/3-technical/game-architecture/engine-mcps.yaml","432213f4a4ce2b9b9946fda108bd145abdc95f1ae2e7a8a8f03103f934015557"
"yaml","sprint-status-template","gds","gds/workflows/4-production/sprint-planning/sprint-status-template.yaml","7bad0cc622ecbd33346d76f625333ff7c4d8aa21d48ce27075050f79a1a58065"
"yaml","team-gamedev","gds","gds/teams/team-gamedev.yaml","e85c49ac28d842a0c020a6d49a4efb5cb41db556789c14cfb3dd5bc8194b0cf1"
